timeStamp,elapsed,label,responseCode,responseMessage,threadName,dataType,success,failureMessage,bytes,sentBytes,grpThreads,allThreads,URL,Latency,IdleTime,Connect
1738745527180,2930,Order Placement Flow,200,"Number of samples in transaction : 5, number of failing samples : 0",AdvantageOnlineShoppingAPIs 1-1,,true,,4774,3986,3,3,null,0,29773,571
1738745532862,950,LoginUser,200,,AdvantageOnlineShoppingAPIs 1-1,text,true,,1552,748,3,3,https://advantageonlineshopping.com/accountservice/ws/AccountLoginRequest,950,0,571
1738745539960,654,SelectProduct,201,,AdvantageOnlineShoppingAPIs 1-1,text,true,,725,331,3,3,https://advantageonlineshopping.com/order/api/v1/carts/354133523/product/20/color/414141?quantity=1,654,0,0
1738745546993,431,AddToCart,200,,AdvantageOnlineShoppingAPIs 1-1,text,true,,773,262,3,3,https://advantageonlineshopping.com/order/api/v1/carts/354133523,431,0,0
1738745553037,293,AddPaymentDetails,200,,AdvantageOnlineShoppingAPIs 1-1,text,true,,1142,966,3,3,https://advantageonlineshopping.com/accountservice/ws/AddMasterCreditMethodRequest,293,0,0
1738745559281,602,OrderPlaced,200,,AdvantageOnlineShoppingAPIs 1-1,text,true,,582,1679,3,3,https://advantageonlineshopping.com/order/api/v1/orders/users/354133523,602,0,0
1738745527511,2806,Order Placement Flow,200,"Number of samples in transaction : 5, number of failing samples : 0",AdvantageOnlineShoppingAPIs 1-2,,true,,4759,3957,3,3,null,0,29687,534
1738745533210,860,LoginUser,200,,AdvantageOnlineShoppingAPIs 1-2,text,true,,1537,743,3,3,https://advantageonlineshopping.com/accountservice/ws/AccountLoginRequest,860,0,534
1738745539603,616,SelectProduct,201,,AdvantageOnlineShoppingAPIs 1-2,text,true,,725,323,3,3,https://advantageonlineshopping.com/order/api/v1/carts/534336108/product/20/color/414141?quantity=1,616,0,0
1738745546509,443,AddToCart,200,,AdvantageOnlineShoppingAPIs 1-2,text,true,,773,254,3,3,https://advantageonlineshopping.com/order/api/v1/carts/534336108,443,0,0
1738745553259,291,AddPaymentDetails,200,,AdvantageOnlineShoppingAPIs 1-2,text,true,,1142,966,3,3,https://advantageonlineshopping.com/accountservice/ws/AddMasterCreditMethodRequest,291,0,0
1738745559407,596,OrderPlaced,200,,AdvantageOnlineShoppingAPIs 1-2,text,true,,582,1671,3,3,https://advantageonlineshopping.com/order/api/v1/orders/users/534336108,596,0,0
1738745527843,2757,Order Placement Flow,200,"Number of samples in transaction : 5, number of failing samples : 0",AdvantageOnlineShoppingAPIs 1-3,,true,,4774,3986,3,3,null,0,29419,547
1738745533478,869,LoginUser,200,,AdvantageOnlineShoppingAPIs 1-3,text,true,,1552,748,3,3,https://advantageonlineshopping.com/accountservice/ws/AccountLoginRequest,869,0,547
1738745540061,612,SelectProduct,201,,AdvantageOnlineShoppingAPIs 1-3,text,true,,725,331,3,3,https://advantageonlineshopping.com/order/api/v1/carts/401759495/product/20/color/414141?quantity=1,612,0,0
1738745546590,463,AddToCart,200,,AdvantageOnlineShoppingAPIs 1-3,text,true,,773,262,3,3,https://advantageonlineshopping.com/order/api/v1/carts/401759495,463,0,0
1738745553322,298,AddPaymentDetails,200,,AdvantageOnlineShoppingAPIs 1-3,text,true,,1142,966,3,3,https://advantageonlineshopping.com/accountservice/ws/AddMasterCreditMethodRequest,298,0,0
1738745559504,515,OrderPlaced,200,,AdvantageOnlineShoppingAPIs 1-3,text,true,,582,1679,3,3,https://advantageonlineshopping.com/order/api/v1/orders/users/401759495,515,0,0
1738745560004,2847,Order Placement Flow,200,"Number of samples in transaction : 5, number of failing samples : 0",AdvantageOnlineShoppingAPIs 1-2,,true,,4760,3957,3,3,null,0,30105,527
1738745565855,855,LoginUser,200,,AdvantageOnlineShoppingAPIs 1-2,text,true,,1538,743,3,3,https://advantageonlineshopping.com/accountservice/ws/AccountLoginRequest,855,0,527
1738745572777,615,SelectProduct,201,,AdvantageOnlineShoppingAPIs 1-2,text,true,,725,323,3,3,https://advantageonlineshopping.com/order/api/v1/carts/534336108/product/20/color/414141?quantity=1,614,0,0
1738745579723,494,AddToCart,200,,AdvantageOnlineShoppingAPIs 1-2,text,true,,773,254,3,3,https://advantageonlineshopping.com/order/api/v1/carts/534336108,494,0,0
1738745586179,308,AddPaymentDetails,200,,AdvantageOnlineShoppingAPIs 1-2,text,true,,1142,966,3,3,https://advantageonlineshopping.com/accountservice/ws/AddMasterCreditMethodRequest,308,0,0
1738745592381,575,OrderPlaced,200,,AdvantageOnlineShoppingAPIs 1-2,text,true,,582,1671,3,3,https://advantageonlineshopping.com/order/api/v1/orders/users/534336108,574,0,0
1738745559885,2898,Order Placement Flow,200,"Number of samples in transaction : 5, number of failing samples : 0",AdvantageOnlineShoppingAPIs 1-1,,true,,4775,3986,3,3,null,0,30182,585
1738745565775,935,LoginUser,200,,AdvantageOnlineShoppingAPIs 1-1,text,true,,1553,748,3,3,https://advantageonlineshopping.com/accountservice/ws/AccountLoginRequest,935,0,585
1738745573203,632,SelectProduct,201,,AdvantageOnlineShoppingAPIs 1-1,text,true,,725,331,3,3,https://advantageonlineshopping.com/order/api/v1/carts/354133523/product/20/color/414141?quantity=1,631,0,0
1738745580322,448,AddToCart,200,,AdvantageOnlineShoppingAPIs 1-1,text,true,,773,262,3,3,https://advantageonlineshopping.com/order/api/v1/carts/354133523,448,0,0
1738745586289,315,AddPaymentDetails,200,,AdvantageOnlineShoppingAPIs 1-1,text,true,,1142,966,3,3,https://advantageonlineshopping.com/accountservice/ws/AddMasterCreditMethodRequest,315,0,0
1738745592397,568,OrderPlaced,200,,AdvantageOnlineShoppingAPIs 1-1,text,true,,582,1679,3,3,https://advantageonlineshopping.com/order/api/v1/orders/users/354133523,568,0,0
1738745560020,2796,Order Placement Flow,200,"Number of samples in transaction : 5, number of failing samples : 0",AdvantageOnlineShoppingAPIs 1-3,,true,,4775,3986,3,3,null,0,30575,531
1738745566202,850,LoginUser,200,,AdvantageOnlineShoppingAPIs 1-3,text,true,,1553,748,3,3,https://advantageonlineshopping.com/accountservice/ws/AccountLoginRequest,850,0,531
1738745572729,634,SelectProduct,201,,AdvantageOnlineShoppingAPIs 1-3,text,true,,725,331,3,3,https://advantageonlineshopping.com/order/api/v1/carts/401759495/product/20/color/414141?quantity=1,633,0,0
1738745579582,491,AddToCart,200,,AdvantageOnlineShoppingAPIs 1-3,text,true,,773,262,3,3,https://advantageonlineshopping.com/order/api/v1/carts/401759495,491,0,0
1738745586415,299,AddPaymentDetails,200,,AdvantageOnlineShoppingAPIs 1-3,text,true,,1142,966,3,3,https://advantageonlineshopping.com/accountservice/ws/AddMasterCreditMethodRequest,298,0,0
1738745592869,522,OrderPlaced,200,,AdvantageOnlineShoppingAPIs 1-3,text,true,,582,1679,3,3,https://advantageonlineshopping.com/order/api/v1/orders/users/401759495,522,0,0
1738745593392,2765,Order Placement Flow,200,"Number of samples in transaction : 5, number of failing samples : 0",AdvantageOnlineShoppingAPIs 1-3,,true,,4775,3986,3,3,null,0,29553,524
1738745599129,863,LoginUser,200,,AdvantageOnlineShoppingAPIs 1-3,text,true,,1553,748,3,3,https://advantageonlineshopping.com/accountservice/ws/AccountLoginRequest,863,0,524
1738745606063,643,SelectProduct,201,,AdvantageOnlineShoppingAPIs 1-3,text,true,,725,331,3,3,https://advantageonlineshopping.com/order/api/v1/carts/401759495/product/20/color/414141?quantity=1,643,0,0
1738745612468,452,AddToCart,200,,AdvantageOnlineShoppingAPIs 1-3,text,true,,773,262,3,3,https://advantageonlineshopping.com/order/api/v1/carts/401759495,452,0,0
1738745619186,279,AddPaymentDetails,200,,AdvantageOnlineShoppingAPIs 1-3,text,true,,1142,966,3,3,https://advantageonlineshopping.com/accountservice/ws/AddMasterCreditMethodRequest,279,0,0
1738745625183,528,OrderPlaced,200,,AdvantageOnlineShoppingAPIs 1-3,text,true,,582,1679,3,3,https://advantageonlineshopping.com/order/api/v1/orders/users/401759495,528,0,0
1738745592966,2731,Order Placement Flow,200,"Number of samples in transaction : 5, number of failing samples : 0",AdvantageOnlineShoppingAPIs 1-1,,true,,4760,3957,3,3,null,0,30034,521
1738745599415,829,LoginUser,200,,AdvantageOnlineShoppingAPIs 1-1,text,true,,1538,743,3,3,https://advantageonlineshopping.com/accountservice/ws/AccountLoginRequest,829,0,521
1738745606330,620,SelectProduct,201,,AdvantageOnlineShoppingAPIs 1-1,text,true,,725,323,3,3,https://advantageonlineshopping.com/order/api/v1/carts/534336108/product/20/color/414141?quantity=1,620,0,0
1738745613236,454,AddToCart,200,,AdvantageOnlineShoppingAPIs 1-1,text,true,,773,254,3,3,https://advantageonlineshopping.com/order/api/v1/carts/534336108,454,0,0
1738745619254,287,AddPaymentDetails,200,,AdvantageOnlineShoppingAPIs 1-1,text,true,,1142,966,3,3,https://advantageonlineshopping.com/accountservice/ws/AddMasterCreditMethodRequest,287,0,0
1738745625191,541,OrderPlaced,200,,AdvantageOnlineShoppingAPIs 1-1,text,true,,582,1671,3,3,https://advantageonlineshopping.com/order/api/v1/orders/users/534336108,541,0,0
1738745592961,3103,Order Placement Flow,200,"Number of samples in transaction : 5, number of failing samples : 0",AdvantageOnlineShoppingAPIs 1-2,,true,,4775,3986,3,3,null,0,29924,548
1738745598672,1185,LoginUser,200,,AdvantageOnlineShoppingAPIs 1-2,text,true,,1553,748,3,3,https://advantageonlineshopping.com/accountservice/ws/AccountLoginRequest,1184,0,548
1738745605715,655,SelectProduct,201,,AdvantageOnlineShoppingAPIs 1-2,text,true,,725,331,3,3,https://advantageonlineshopping.com/order/api/v1/carts/354133523/product/20/color/414141?quantity=1,655,0,0
1738745612335,456,AddToCart,200,,AdvantageOnlineShoppingAPIs 1-2,text,true,,773,262,3,3,https://advantageonlineshopping.com/order/api/v1/carts/354133523,456,0,0
1738745618749,296,AddPaymentDetails,200,,AdvantageOnlineShoppingAPIs 1-2,text,true,,1142,966,3,3,https://advantageonlineshopping.com/accountservice/ws/AddMasterCreditMethodRequest,296,0,0
1738745625477,511,OrderPlaced,200,,AdvantageOnlineShoppingAPIs 1-2,text,true,,582,1679,3,3,https://advantageonlineshopping.com/order/api/v1/orders/users/354133523,511,0,0
1738745625989,2746,Order Placement Flow,200,"Number of samples in transaction : 5, number of failing samples : 0",AdvantageOnlineShoppingAPIs 1-2,,true,,4775,3986,3,3,null,0,28934,517
1738745631906,826,LoginUser,200,,AdvantageOnlineShoppingAPIs 1-2,text,true,,1553,748,3,3,https://advantageonlineshopping.com/accountservice/ws/AccountLoginRequest,826,0,517
1738745638659,598,SelectProduct,201,,AdvantageOnlineShoppingAPIs 1-2,text,true,,725,331,3,3,https://advantageonlineshopping.com/order/api/v1/carts/401759495/product/20/color/414141?quantity=1,598,0,0
1738745644854,451,AddToCart,200,,AdvantageOnlineShoppingAPIs 1-2,text,true,,773,262,3,3,https://advantageonlineshopping.com/order/api/v1/carts/401759495,451,0,0
1738745651059,275,AddPaymentDetails,200,,AdvantageOnlineShoppingAPIs 1-2,text,true,,1142,966,3,3,https://advantageonlineshopping.com/accountservice/ws/AddMasterCreditMethodRequest,275,0,0
1738745657072,596,OrderPlaced,200,,AdvantageOnlineShoppingAPIs 1-2,text,true,,582,1679,3,3,https://advantageonlineshopping.com/order/api/v1/orders/users/401759495,596,0,0
1738745625713,2700,Order Placement Flow,200,"Number of samples in transaction : 5, number of failing samples : 0",AdvantageOnlineShoppingAPIs 1-3,,true,,4775,3986,3,3,null,0,29507,536
1738745631223,888,LoginUser,200,,AdvantageOnlineShoppingAPIs 1-3,text,true,,1553,748,3,3,https://advantageonlineshopping.com/accountservice/ws/AccountLoginRequest,888,0,536
1738745638182,581,SelectProduct,201,,AdvantageOnlineShoppingAPIs 1-3,text,true,,725,331,3,3,https://advantageonlineshopping.com/order/api/v1/carts/354133523/product/20/color/414141?quantity=1,580,0,0
1738745645243,432,AddToCart,200,,AdvantageOnlineShoppingAPIs 1-3,text,true,,773,262,3,3,https://advantageonlineshopping.com/order/api/v1/carts/354133523,432,0,0
1738745651425,269,AddPaymentDetails,200,,AdvantageOnlineShoppingAPIs 1-3,text,true,,1142,966,3,3,https://advantageonlineshopping.com/accountservice/ws/AddMasterCreditMethodRequest,269,0,0
1738745657389,530,OrderPlaced,200,,AdvantageOnlineShoppingAPIs 1-3,text,true,,582,1679,3,3,https://advantageonlineshopping.com/order/api/v1/orders/users/354133523,530,0,0
1738745625733,2699,Order Placement Flow,200,"Number of samples in transaction : 5, number of failing samples : 0",AdvantageOnlineShoppingAPIs 1-1,,true,,4760,3957,3,3,null,0,29519,539
1738745631484,841,LoginUser,200,,AdvantageOnlineShoppingAPIs 1-1,text,true,,1538,743,3,3,https://advantageonlineshopping.com/accountservice/ws/AccountLoginRequest,841,0,539
1738745638434,592,SelectProduct,201,,AdvantageOnlineShoppingAPIs 1-1,text,true,,725,323,3,3,https://advantageonlineshopping.com/order/api/v1/carts/534336108/product/20/color/414141?quantity=1,592,0,0
1738745644583,440,AddToCart,200,,AdvantageOnlineShoppingAPIs 1-1,text,true,,773,254,3,3,https://advantageonlineshopping.com/order/api/v1/carts/534336108,440,0,0
1738745650833,284,AddPaymentDetails,200,,AdvantageOnlineShoppingAPIs 1-1,text,true,,1142,966,3,3,https://advantageonlineshopping.com/accountservice/ws/AddMasterCreditMethodRequest,284,0,0
1738745657407,542,OrderPlaced,200,,AdvantageOnlineShoppingAPIs 1-1,text,true,,582,1671,3,3,https://advantageonlineshopping.com/order/api/v1/orders/users/534336108,542,0,0
1738745657951,2885,Order Placement Flow,200,"Number of samples in transaction : 5, number of failing samples : 0",AdvantageOnlineShoppingAPIs 1-1,,true,,4775,3986,3,3,null,0,29015,576
1738745663525,954,LoginUser,200,,AdvantageOnlineShoppingAPIs 1-1,text,true,,1553,748,3,3,https://advantageonlineshopping.com/accountservice/ws/AccountLoginRequest,954,0,576
1738745670315,628,SelectProduct,201,,AdvantageOnlineShoppingAPIs 1-1,text,true,,725,331,3,3,https://advantageonlineshopping.com/order/api/v1/carts/401759495/product/20/color/414141?quantity=1,628,0,0
1738745676623,456,AddToCart,200,,AdvantageOnlineShoppingAPIs 1-1,text,true,,773,262,3,3,https://advantageonlineshopping.com/order/api/v1/carts/401759495,456,0,0
1738745682650,282,AddPaymentDetails,200,,AdvantageOnlineShoppingAPIs 1-1,text,true,,1142,966,3,3,https://advantageonlineshopping.com/accountservice/ws/AddMasterCreditMethodRequest,282,0,0
1738745689286,565,OrderPlaced,200,,AdvantageOnlineShoppingAPIs 1-1,text,true,,582,1679,3,3,https://advantageonlineshopping.com/order/api/v1/orders/users/401759495,565,0,0
1738745657672,2922,Order Placement Flow,200,"Number of samples in transaction : 5, number of failing samples : 0",AdvantageOnlineShoppingAPIs 1-2,,true,,4775,3986,3,3,null,0,29958,568
1738745663929,914,LoginUser,200,,AdvantageOnlineShoppingAPIs 1-2,text,true,,1553,748,3,3,https://advantageonlineshopping.com/accountservice/ws/AccountLoginRequest,914,0,568
1738745671222,613,SelectProduct,201,,AdvantageOnlineShoppingAPIs 1-2,text,true,,725,331,3,3,https://advantageonlineshopping.com/order/api/v1/carts/354133523/product/20/color/414141?quantity=1,613,0,0
1738745677362,492,AddToCart,200,,AdvantageOnlineShoppingAPIs 1-2,text,true,,773,262,3,3,https://advantageonlineshopping.com/order/api/v1/carts/354133523,492,0,0
1738745684129,300,AddPaymentDetails,200,,AdvantageOnlineShoppingAPIs 1-2,text,true,,1142,966,3,3,https://advantageonlineshopping.com/accountservice/ws/AddMasterCreditMethodRequest,300,0,0
1738745689949,603,OrderPlaced,200,,AdvantageOnlineShoppingAPIs 1-2,text,true,,582,1679,3,3,https://advantageonlineshopping.com/order/api/v1/orders/users/354133523,603,0,0
1738745657920,2684,Order Placement Flow,200,"Number of samples in transaction : 5, number of failing samples : 0",AdvantageOnlineShoppingAPIs 1-3,,true,,4760,3957,3,3,null,0,30375,525
1738745664242,830,LoginUser,200,,AdvantageOnlineShoppingAPIs 1-3,text,true,,1538,743,3,3,https://advantageonlineshopping.com/accountservice/ws/AccountLoginRequest,830,0,525
1738745671008,645,SelectProduct,201,,AdvantageOnlineShoppingAPIs 1-3,text,true,,725,323,3,3,https://advantageonlineshopping.com/order/api/v1/carts/534336108/product/20/color/414141?quantity=1,644,0,0
1738745677686,429,AddToCart,200,,AdvantageOnlineShoppingAPIs 1-3,text,true,,773,254,3,3,https://advantageonlineshopping.com/order/api/v1/carts/534336108,429,0,0
1738745684269,264,AddPaymentDetails,200,,AdvantageOnlineShoppingAPIs 1-3,text,true,,1142,966,3,3,https://advantageonlineshopping.com/accountservice/ws/AddMasterCreditMethodRequest,264,0,0
1738745690463,516,OrderPlaced,200,,AdvantageOnlineShoppingAPIs 1-3,text,true,,582,1671,3,3,https://advantageonlineshopping.com/order/api/v1/orders/users/534336108,516,0,0
1738745690553,2852,Order Placement Flow,200,"Number of samples in transaction : 5, number of failing samples : 0",AdvantageOnlineShoppingAPIs 1-2,,true,,4760,3957,3,3,null,0,29264,529
1738745696393,853,LoginUser,200,,AdvantageOnlineShoppingAPIs 1-2,text,true,,1538,743,3,3,https://advantageonlineshopping.com/accountservice/ws/AccountLoginRequest,852,0,529
1738745703211,673,SelectProduct,201,,AdvantageOnlineShoppingAPIs 1-2,text,true,,725,323,3,3,https://advantageonlineshopping.com/order/api/v1/carts/534336108/product/20/color/414141?quantity=1,672,0,0
1738745709826,478,AddToCart,200,,AdvantageOnlineShoppingAPIs 1-2,text,true,,773,254,3,3,https://advantageonlineshopping.com/order/api/v1/carts/534336108,478,0,0
1738745715936,292,AddPaymentDetails,200,,AdvantageOnlineShoppingAPIs 1-2,text,true,,1142,966,3,3,https://advantageonlineshopping.com/accountservice/ws/AddMasterCreditMethodRequest,292,0,0
1738745722112,556,OrderPlaced,200,,AdvantageOnlineShoppingAPIs 1-2,text,true,,582,1671,3,3,https://advantageonlineshopping.com/order/api/v1/orders/users/534336108,556,0,0
1738745689855,2924,Order Placement Flow,200,"Number of samples in transaction : 5, number of failing samples : 0",AdvantageOnlineShoppingAPIs 1-1,,true,,4775,3986,3,3,null,0,29996,582
1738745695647,909,LoginUser,200,,AdvantageOnlineShoppingAPIs 1-1,text,true,,1553,748,3,3,https://advantageonlineshopping.com/accountservice/ws/AccountLoginRequest,908,0,582
1738745703043,653,SelectProduct,201,,AdvantageOnlineShoppingAPIs 1-1,text,true,,725,331,3,3,https://advantageonlineshopping.com/order/api/v1/carts/354133523/product/20/color/414141?quantity=1,653,0,0
1738745709932,499,AddToCart,200,,AdvantageOnlineShoppingAPIs 1-1,text,true,,773,262,3,3,https://advantageonlineshopping.com/order/api/v1/carts/354133523,499,0,0
1738745716149,306,AddPaymentDetails,200,,AdvantageOnlineShoppingAPIs 1-1,text,true,,1142,966,3,3,https://advantageonlineshopping.com/accountservice/ws/AddMasterCreditMethodRequest,306,0,0
1738745722218,557,OrderPlaced,200,,AdvantageOnlineShoppingAPIs 1-1,text,true,,582,1679,3,3,https://advantageonlineshopping.com/order/api/v1/orders/users/354133523,557,0,0
1738745690981,2698,Order Placement Flow,200,"Number of samples in transaction : 5, number of failing samples : 0",AdvantageOnlineShoppingAPIs 1-3,,true,,4775,3986,3,3,null,0,30755,531
1738745697232,850,LoginUser,200,,AdvantageOnlineShoppingAPIs 1-3,text,true,,1553,748,3,3,https://advantageonlineshopping.com/accountservice/ws/AccountLoginRequest,849,0,531
1738745704460,608,SelectProduct,201,,AdvantageOnlineShoppingAPIs 1-3,text,true,,725,331,3,3,https://advantageonlineshopping.com/order/api/v1/carts/401759495/product/20/color/414141?quantity=1,608,0,0
1738745710889,435,AddToCart,200,,AdvantageOnlineShoppingAPIs 1-3,text,true,,773,262,3,3,https://advantageonlineshopping.com/order/api/v1/carts/401759495,435,0,0
1738745717466,290,AddPaymentDetails,200,,AdvantageOnlineShoppingAPIs 1-3,text,true,,1142,966,3,3,https://advantageonlineshopping.com/accountservice/ws/AddMasterCreditMethodRequest,290,0,0
1738745723918,515,OrderPlaced,200,,AdvantageOnlineShoppingAPIs 1-3,text,true,,582,1679,3,3,https://advantageonlineshopping.com/order/api/v1/orders/users/401759495,515,0,0
1738745722776,2854,Order Placement Flow,200,"Number of samples in transaction : 5, number of failing samples : 0",AdvantageOnlineShoppingAPIs 1-1,,true,,4760,3957,3,3,null,0,28513,542
1738745728493,874,LoginUser,200,,AdvantageOnlineShoppingAPIs 1-1,text,true,,1538,743,3,3,https://advantageonlineshopping.com/accountservice/ws/AccountLoginRequest,874,0,542
1738745735126,649,SelectProduct,201,,AdvantageOnlineShoppingAPIs 1-1,text,true,,725,323,3,3,https://advantageonlineshopping.com/order/api/v1/carts/534336108/product/20/color/414141?quantity=1,649,0,0
1738745741592,450,AddToCart,200,,AdvantageOnlineShoppingAPIs 1-1,text,true,,773,254,3,3,https://advantageonlineshopping.com/order/api/v1/carts/534336108,450,0,0
1738745747739,297,AddPaymentDetails,200,,AdvantageOnlineShoppingAPIs 1-1,text,true,,1142,966,3,3,https://advantageonlineshopping.com/accountservice/ws/AddMasterCreditMethodRequest,297,0,0
1738745753559,584,OrderPlaced,200,,AdvantageOnlineShoppingAPIs 1-1,text,true,,582,1671,3,3,https://advantageonlineshopping.com/order/api/v1/orders/users/534336108,584,0,0
1738745722674,2891,Order Placement Flow,200,"Number of samples in transaction : 5, number of failing samples : 0",AdvantageOnlineShoppingAPIs 1-2,,true,,4775,3986,3,3,null,0,29826,588
1738745728328,949,LoginUser,200,,AdvantageOnlineShoppingAPIs 1-2,text,true,,1553,748,3,3,https://advantageonlineshopping.com/accountservice/ws/AccountLoginRequest,949,0,588
1738745735003,679,SelectProduct,201,,AdvantageOnlineShoppingAPIs 1-2,text,true,,725,331,3,3,https://advantageonlineshopping.com/order/api/v1/carts/354133523/product/20/color/414141?quantity=1,679,0,0
1738745741552,454,AddToCart,200,,AdvantageOnlineShoppingAPIs 1-2,text,true,,773,262,3,3,https://advantageonlineshopping.com/order/api/v1/carts/354133523,454,0,0
1738745748401,300,AddPaymentDetails,200,,AdvantageOnlineShoppingAPIs 1-2,text,true,,1142,966,3,3,https://advantageonlineshopping.com/accountservice/ws/AddMasterCreditMethodRequest,300,0,0
1738745754882,509,OrderPlaced,200,,AdvantageOnlineShoppingAPIs 1-2,text,true,,582,1679,3,3,https://advantageonlineshopping.com/order/api/v1/orders/users/354133523,509,0,0
1738745724435,2750,Order Placement Flow,200,"Number of samples in transaction : 5, number of failing samples : 0",AdvantageOnlineShoppingAPIs 1-3,,true,,4775,3986,3,3,null,0,31622,552
1738745730910,863,LoginUser,200,,AdvantageOnlineShoppingAPIs 1-3,text,true,,1553,748,3,3,https://advantageonlineshopping.com/accountservice/ws/AccountLoginRequest,863,0,552
1738745738144,605,SelectProduct,201,,AdvantageOnlineShoppingAPIs 1-3,text,true,,725,331,3,3,https://advantageonlineshopping.com/order/api/v1/carts/401759495/product/20/color/414141?quantity=1,605,0,0
1738745745106,458,AddToCart,200,,AdvantageOnlineShoppingAPIs 1-3,text,true,,773,262,3,3,https://advantageonlineshopping.com/order/api/v1/carts/401759495,458,0,0
1738745751875,295,AddPaymentDetails,200,,AdvantageOnlineShoppingAPIs 1-3,text,true,,1142,966,3,3,https://advantageonlineshopping.com/accountservice/ws/AddMasterCreditMethodRequest,295,0,0
1738745758277,529,OrderPlaced,200,,AdvantageOnlineShoppingAPIs 1-3,text,true,,582,1679,3,3,https://advantageonlineshopping.com/order/api/v1/orders/users/401759495,529,0,0
1738745754145,2858,Order Placement Flow,200,"Number of samples in transaction : 5, number of failing samples : 0",AdvantageOnlineShoppingAPIs 1-1,,true,,4774,3986,3,3,null,0,29469,572
1738745759914,928,LoginUser,200,,AdvantageOnlineShoppingAPIs 1-1,text,true,,1552,748,3,3,https://advantageonlineshopping.com/accountservice/ws/AccountLoginRequest,928,0,572
1738745766755,669,SelectProduct,201,,AdvantageOnlineShoppingAPIs 1-1,text,true,,725,331,3,3,https://advantageonlineshopping.com/order/api/v1/carts/354133523/product/20/color/414141?quantity=1,669,0,0
1738745773048,440,AddToCart,200,,AdvantageOnlineShoppingAPIs 1-1,text,true,,773,262,3,3,https://advantageonlineshopping.com/order/api/v1/carts/354133523,440,0,0
1738745779213,278,AddPaymentDetails,200,,AdvantageOnlineShoppingAPIs 1-1,text,true,,1142,966,3,3,https://advantageonlineshopping.com/accountservice/ws/AddMasterCreditMethodRequest,278,0,0
1738745785929,543,OrderPlaced,200,,AdvantageOnlineShoppingAPIs 1-1,text,true,,582,1679,3,3,https://advantageonlineshopping.com/order/api/v1/orders/users/354133523,543,0,0
1738745755392,2752,Order Placement Flow,200,"Number of samples in transaction : 5, number of failing samples : 0",AdvantageOnlineShoppingAPIs 1-2,,true,,4759,3957,3,3,null,0,31409,533
1738745761792,850,LoginUser,200,,AdvantageOnlineShoppingAPIs 1-2,text,true,,1537,743,3,3,https://advantageonlineshopping.com/accountservice/ws/AccountLoginRequest,850,0,533
1738745768739,619,SelectProduct,201,,AdvantageOnlineShoppingAPIs 1-2,text,true,,725,323,3,3,https://advantageonlineshopping.com/order/api/v1/carts/534336108/product/20/color/414141?quantity=1,619,0,0
1738745775627,448,AddToCart,200,,AdvantageOnlineShoppingAPIs 1-2,text,true,,773,254,3,3,https://advantageonlineshopping.com/order/api/v1/carts/534336108,448,0,0
1738745782238,278,AddPaymentDetails,200,,AdvantageOnlineShoppingAPIs 1-2,text,true,,1142,966,3,3,https://advantageonlineshopping.com/accountservice/ws/AddMasterCreditMethodRequest,278,0,0
1738745788996,557,OrderPlaced,200,,AdvantageOnlineShoppingAPIs 1-2,text,true,,582,1671,3,3,https://advantageonlineshopping.com/order/api/v1/orders/users/534336108,557,0,0
1738745758807,2819,Order Placement Flow,200,"Number of samples in transaction : 5, number of failing samples : 0",AdvantageOnlineShoppingAPIs 1-3,,true,,4774,3986,3,3,null,0,30828,548
1738745765223,868,LoginUser,200,,AdvantageOnlineShoppingAPIs 1-3,text,true,,1552,748,3,3,https://advantageonlineshopping.com/accountservice/ws/AccountLoginRequest,867,0,548
1738745772067,677,SelectProduct,201,,AdvantageOnlineShoppingAPIs 1-3,text,true,,725,331,3,3,https://advantageonlineshopping.com/order/api/v1/carts/401759495/product/20/color/414141?quantity=1,677,0,0
1738745779005,445,AddToCart,200,,AdvantageOnlineShoppingAPIs 1-3,text,true,,773,262,3,3,https://advantageonlineshopping.com/order/api/v1/carts/401759495,444,0,0
1738745785191,306,AddPaymentDetails,200,,AdvantageOnlineShoppingAPIs 1-3,text,true,,1142,966,3,3,https://advantageonlineshopping.com/accountservice/ws/AddMasterCreditMethodRequest,306,0,0
1738745791930,523,OrderPlaced,200,,AdvantageOnlineShoppingAPIs 1-3,text,true,,582,1679,3,3,https://advantageonlineshopping.com/order/api/v1/orders/users/401759495,523,0,0
1738745786476,2815,Order Placement Flow,200,"Number of samples in transaction : 5, number of failing samples : 0",AdvantageOnlineShoppingAPIs 1-1,,true,,4775,3986,3,3,null,0,31019,589
1738745792419,921,LoginUser,200,,AdvantageOnlineShoppingAPIs 1-1,text,true,,1553,748,3,3,https://advantageonlineshopping.com/accountservice/ws/AccountLoginRequest,921,0,589
1738745799503,616,SelectProduct,201,,AdvantageOnlineShoppingAPIs 1-1,text,true,,725,331,3,3,https://advantageonlineshopping.com/order/api/v1/carts/354133523/product/20/color/414141?quantity=1,616,0,0
1738745806531,433,AddToCart,200,,AdvantageOnlineShoppingAPIs 1-1,text,true,,773,262,3,3,https://advantageonlineshopping.com/order/api/v1/carts/354133523,433,0,0
1738745813431,290,AddPaymentDetails,200,,AdvantageOnlineShoppingAPIs 1-1,text,true,,1142,966,3,3,https://advantageonlineshopping.com/accountservice/ws/AddMasterCreditMethodRequest,290,0,0
1738745819754,555,OrderPlaced,200,,AdvantageOnlineShoppingAPIs 1-1,text,true,,582,1679,3,3,https://advantageonlineshopping.com/order/api/v1/orders/users/354133523,555,0,0
1738745789554,2675,Order Placement Flow,200,"Number of samples in transaction : 5, number of failing samples : 0",AdvantageOnlineShoppingAPIs 1-2,,true,,4760,3957,2,2,null,0,31801,531
1738745796038,847,LoginUser,200,,AdvantageOnlineShoppingAPIs 1-2,text,true,,1538,743,3,3,https://advantageonlineshopping.com/accountservice/ws/AccountLoginRequest,847,0,531
1738745803088,594,SelectProduct,201,,AdvantageOnlineShoppingAPIs 1-2,text,true,,725,323,3,3,https://advantageonlineshopping.com/order/api/v1/carts/534336108/product/20/color/414141?quantity=1,594,0,0
1738745810107,430,AddToCart,200,,AdvantageOnlineShoppingAPIs 1-2,text,true,,773,254,3,3,https://advantageonlineshopping.com/order/api/v1/carts/534336108,429,0,0
1738745816860,292,AddPaymentDetails,200,,AdvantageOnlineShoppingAPIs 1-2,text,true,,1142,966,3,3,https://advantageonlineshopping.com/accountservice/ws/AddMasterCreditMethodRequest,292,0,0
1738745823518,512,OrderPlaced,200,,AdvantageOnlineShoppingAPIs 1-2,text,true,,582,1671,2,2,https://advantageonlineshopping.com/order/api/v1/orders/users/534336108,512,0,0
1738745792455,2853,Order Placement Flow,200,"Number of samples in transaction : 5, number of failing samples : 0",AdvantageOnlineShoppingAPIs 1-3,,true,,4775,3986,1,1,null,0,30456,559
1738745798468,931,LoginUser,200,,AdvantageOnlineShoppingAPIs 1-3,text,true,,1553,748,3,3,https://advantageonlineshopping.com/accountservice/ws/AccountLoginRequest,931,0,559
1738745805642,636,SelectProduct,201,,AdvantageOnlineShoppingAPIs 1-3,text,true,,725,331,3,3,https://advantageonlineshopping.com/order/api/v1/carts/401759495/product/20/color/414141?quantity=1,636,0,0
1738745812690,455,AddToCart,200,,AdvantageOnlineShoppingAPIs 1-3,text,true,,773,262,3,3,https://advantageonlineshopping.com/order/api/v1/carts/401759495,455,0,0
1738745819344,287,AddPaymentDetails,200,,AdvantageOnlineShoppingAPIs 1-3,text,true,,1142,966,3,3,https://advantageonlineshopping.com/accountservice/ws/AddMasterCreditMethodRequest,287,0,0
1738745825219,544,OrderPlaced,200,,AdvantageOnlineShoppingAPIs 1-3,text,true,,582,1679,1,1,https://advantageonlineshopping.com/order/api/v1/orders/users/401759495,544,0,0
